{"stats":{"minecraft:broken":{"minecraft:iron_shovel":4,"minecraft:stone_pickaxe":5,"minecraft:wooden_pickaxe":1,"minecraft:shield":1,"minecraft:iron_pickaxe":12},"minecraft:custom":{"minecraft:animals_bred":1,"minecraft:interact_with_crafting_table":142,"minecraft:leave_game":16,"minecraft:time_since_death":27,"minecraft:sprint_one_cm":3030570,"minecraft:damage_blocked_by_shield":3015,"minecraft:drop":219,"minecraft:talked_to_villager":73,"minecraft:play_time":1420493,"minecraft:deaths":51,"minecraft:jump":27770,"minecraft:walk_on_water_one_cm":180907,"minecraft:interact_with_furnace":272,"minecraft:traded_with_villager":47,"minecraft:sleep_in_bed":61,"minecraft:damage_dealt":19823,"minecraft:crouch_one_cm":154538,"minecraft:interact_with_smoker":1,"minecraft:use_cauldron":47,"minecraft:interact_with_smithing_table":1,"minecraft:mob_kills":141,"minecraft:inspect_hopper":33,"minecraft:fill_cauldron":2,"minecraft:climb_one_cm":145613,"minecraft:walk_one_cm":2674190,"minecraft:sneak_time":44126,"minecraft:walk_under_water_one_cm":240196,"minecraft:boat_one_cm":284944,"minecraft:interact_with_blast_furnace":2,"minecraft:total_world_time":1420493,"minecraft:interact_with_stonecutter":44,"minecraft:time_since_rest":63,"minecraft:damage_taken":37080,"minecraft:damage_absorbed":40,"minecraft:swim_one_cm":412271,"minecraft:fly_one_cm":5773134,"minecraft:open_chest":537,"minecraft:fall_one_cm":926416},"minecraft:mined":{"minecraft:white_bed":14,"minecraft:cherry_log":90,"minecraft:obsidian":20,"minecraft:granite":10,"minecraft:grass_block":671,"minecraft:cracked_polished_blackstone_bricks":48,"minecraft:light_gray_bed":2,"minecraft:gilded_blackstone":1,"minecraft:spawner":3,"minecraft:polished_blackstone_bricks":76,"minecraft:iron_ore":81,"minecraft:cobbled_deepslate":1,"minecraft:fire":8,"minecraft:pumpkin":3,"minecraft:fletching_table":1,"minecraft:azure_bluet":18,"minecraft:pointed_dripstone":61,"minecraft:red_tulip":2,"minecraft:dirt_path":9,"minecraft:oak_stairs":7,"minecraft:iron_block":52,"minecraft:deepslate_redstone_ore":8,"minecraft:red_bed":1,"minecraft:blackstone":4,"minecraft:smoker":1,"minecraft:powder_snow":4,"minecraft:clay":1,"minecraft:torch":35,"minecraft:blast_furnace":1,"minecraft:chest":1,"minecraft:dead_bush":2,"minecraft:glass":19,"minecraft:nether_quartz_ore":95,"minecraft:cobblestone":143,"minecraft:sugar_cane":52,"minecraft:grindstone":1,"minecraft:oak_planks":18,"minecraft:wall_torch":42,"minecraft:mud":5,"minecraft:birch_log":7,"minecraft:wheat":18,"minecraft:lilac":10,"minecraft:orange_tulip":6,"minecraft:grass":149,"minecraft:oak_log":222,"minecraft:beetroots":3,"minecraft:sand":213,"minecraft:dirt":950,"minecraft:mangrove_log":20,"minecraft:netherrack":25,"minecraft:oak_leaves":95,"minecraft:deepslate":63,"minecraft:tuff":21,"minecraft:deepslate_diamond_ore":9,"minecraft:cherry_sapling":7,"minecraft:mangrove_roots":28,"minecraft:spruce_leaves":3,"minecraft:cartography_table":1,"minecraft:mangrove_propagule":1,"minecraft:hay_block":137,"minecraft:spruce_sapling":2,"minecraft:furnace":11,"minecraft:carrots":7,"minecraft:andesite":65,"minecraft:stripped_spruce_log":2,"minecraft:gold_block":1,"minecraft:potatoes":106,"minecraft:vine":3,"minecraft:bamboo":54,"minecraft:stone":3770,"minecraft:white_wool":1,"minecraft:podzol":2,"minecraft:smithing_table":1,"minecraft:scaffolding":35,"minecraft:cherry_planks":1,"minecraft:basalt":9,"minecraft:dandelion":6,"minecraft:crafting_table":13,"minecraft:cornflower":11,"minecraft:rose_bush":16,"minecraft:tall_grass":10,"minecraft:copper_ore":2,"minecraft:diorite":22,"minecraft:cobblestone_wall":5,"minecraft:white_carpet":1,"minecraft:spruce_log":11,"minecraft:mangrove_leaves":25,"minecraft:yellow_bed":11,"minecraft:coal_ore":456,"minecraft:cherry_leaves":36,"minecraft:sunflower":1,"minecraft:gravel":8,"minecraft:dripstone_block":16,"minecraft:cobweb":16,"minecraft:stone_bricks":14,"minecraft:fern":17},"minecraft:picked_up":{"minecraft:iron_chestplate":14,"minecraft:smithing_table":1,"minecraft:lead":8,"minecraft:oak_stairs":7,"minecraft:enchanted_book":6,"minecraft:gilded_blackstone":14,"minecraft:golden_sword":2,"minecraft:string":25,"minecraft:raw_copper":3,"minecraft:iron_leggings":15,"minecraft:cherry_boat":3,"minecraft:gold_nugget":1,"minecraft:cobbled_deepslate":62,"minecraft:bucket":28,"minecraft:spruce_planks":24,"minecraft:rose_bush":15,"minecraft:iron_pickaxe":26,"minecraft:furnace":13,"minecraft:mangrove_log":38,"minecraft:iron_boots":14,"minecraft:stick":693,"minecraft:torch":358,"minecraft:porkchop":29,"minecraft:cherry_log":145,"minecraft:pointed_dripstone":125,"minecraft:diorite":29,"minecraft:stone_sword":3,"minecraft:rotten_flesh":158,"minecraft:light_gray_bed":4,"minecraft:red_tulip":3,"minecraft:iron_block":1086,"minecraft:mangrove_roots":21,"minecraft:obsidian":29,"minecraft:cobblestone":1708,"minecraft:birch_log":7,"minecraft:cooked_beef":2,"minecraft:feather":13,"minecraft:lilac":9,"minecraft:magma_cream":2,"minecraft:cherry_planks":86,"minecraft:water_bucket":13,"minecraft:andesite":147,"minecraft:smoker":1,"minecraft:potato":372,"minecraft:flint":3,"minecraft:tuff":21,"minecraft:acacia_boat":2,"minecraft:lapis_lazuli":18,"minecraft:dirt":1834,"minecraft:glass":482,"minecraft:bone":7,"minecraft:bow":5,"minecraft:orange_tulip":6,"minecraft:wheat_seeds":85,"minecraft:grindstone":1,"minecraft:fletching_table":1,"minecraft:bamboo":839,"minecraft:oak_planks":277,"minecraft:cooked_porkchop":18,"minecraft:poisonous_potato":3,"minecraft:sand":213,"minecraft:spectral_arrow":18,"minecraft:iron_hoe":5,"minecraft:diamond":9,"minecraft:cracked_polished_blackstone_bricks":55,"minecraft:granite":10,"minecraft:golden_apple":1,"minecraft:emerald":6,"minecraft:golden_horse_armor":1,"minecraft:bread":212,"minecraft:oak_sapling":8,"minecraft:netherrack":23,"minecraft:diamond_pickaxe":1,"minecraft:fishing_rod":2,"minecraft:mud":5,"minecraft:crafting_table":17,"minecraft:azure_bluet":13,"minecraft:chicken":12,"minecraft:clay_ball":8,"minecraft:wooden_pickaxe":1,"minecraft:gold_block":3,"minecraft:shield":16,"minecraft:cornflower":10,"minecraft:red_bed":1,"minecraft:moss_carpet":4,"minecraft:iron_axe":11,"minecraft:flint_and_steel":2,"minecraft:white_carpet":1,"minecraft:iron_shovel":6,"minecraft:blackstone":4,"minecraft:glass_pane":384,"minecraft:cartography_table":1,"minecraft:beef":33,"minecraft:poppy":75,"minecraft:chest":2,"minecraft:sugar_cane":98,"minecraft:egg":12,"minecraft:raw_iron":106,"minecraft:polished_blackstone_bricks":114,"minecraft:carrot":13,"minecraft:redstone":36,"minecraft:iron_horse_armor":1,"minecraft:arrow":9,"minecraft:beetroot_seeds":3,"minecraft:hay_block":135,"minecraft:mutton":23,"minecraft:white_wool":15,"minecraft:rail":1,"minecraft:basalt":7,"minecraft:leather":8,"minecraft:oak_log":242,"minecraft:gunpowder":9,"minecraft:golden_boots":5,"minecraft:yellow_bed":12,"minecraft:cobblestone_wall":5,"minecraft:cooked_mutton":7,"minecraft:apple":32,"minecraft:stone_bricks":15,"minecraft:iron_ingot":572,"minecraft:stone_pickaxe":7,"minecraft:cooked_chicken":4,"minecraft:iron_sword":23,"minecraft:book":5,"minecraft:scaffolding":378,"minecraft:pumpkin":3,"minecraft:quartz":95,"minecraft:dandelion":7,"minecraft:dripstone_block":15,"minecraft:gravel":64,"minecraft:lava_bucket":8,"minecraft:spruce_sapling":3,"minecraft:blast_furnace":1,"minecraft:white_bed":16,"minecraft:spruce_log":11,"minecraft:spider_eye":6,"minecraft:stone_axe":3,"minecraft:iron_helmet":15,"minecraft:cherry_sapling":17,"minecraft:baked_potato":309,"minecraft:mangrove_propagule":2,"minecraft:coal":797,"minecraft:sunflower":1},"minecraft:killed_by":{"minecraft:piglin_brute":1,"minecraft:creeper":5,"minecraft:magma_cube":1,"minecraft:piglin":5,"minecraft:cave_spider":3,"minecraft:zombie":9,"minecraft:skeleton":11},"minecraft:used":{"minecraft:cherry_sapling":16,"minecraft:iron_shovel":1557,"minecraft:chest":9,"minecraft:shield":37,"minecraft:iron_sword":476,"minecraft:rotten_flesh":2,"minecraft:mutton":4,"minecraft:tuff":21,"minecraft:obsidian":18,"minecraft:glass":226,"minecraft:lava_bucket":48,"minecraft:stone_bricks":3213,"minecraft:golden_sword":9,"minecraft:scaffolding":103,"minecraft:furnace":12,"minecraft:egg":4,"minecraft:potato":191,"minecraft:diorite":23,"minecraft:oak_planks":59,"minecraft:stone_pickaxe":984,"minecraft:wooden_pickaxe":104,"minecraft:sugar_cane":93,"minecraft:white_wool":1,"minecraft:golden_apple":1,"minecraft:sand":10,"minecraft:blast_furnace":1,"minecraft:bread":233,"minecraft:gravel":16,"minecraft:andesite":25,"minecraft:oak_boat":1,"minecraft:cherry_boat":3,"minecraft:stone_sword":2,"minecraft:flint_and_steel":1,"minecraft:cooked_chicken":10,"minecraft:netherrack":22,"minecraft:torch":916,"minecraft:dirt":812,"minecraft:granite":8,"minecraft:iron_hoe":147,"minecraft:iron_block":458,"minecraft:iron_axe":524,"minecraft:oak_stairs":1,"minecraft:cooked_beef":29,"minecraft:cobbled_deepslate":61,"minecraft:cherry_log":8,"minecraft:light_gray_bed":3,"minecraft:wheat_seeds":2,"minecraft:cooked_mutton":17,"minecraft:water_bucket":152,"minecraft:birch_planks":6,"minecraft:baked_potato":155,"minecraft:cherry_planks":1,"minecraft:fletching_table":1,"minecraft:red_bed":1,"minecraft:crafting_table":29,"minecraft:white_bed":18,"minecraft:oak_log":31,"minecraft:mud":2,"minecraft:diamond_pickaxe":59,"minecraft:chicken":2,"minecraft:iron_pickaxe":4267,"minecraft:spruce_sapling":3,"minecraft:stone_axe":130,"minecraft:fishing_rod":4,"minecraft:cobblestone":602,"minecraft:white_banner":1,"minecraft:cooked_porkchop":35,"minecraft:bucket":258,"minecraft:yellow_bed":12},"minecraft:killed":{"minecraft:cave_spider":4,"minecraft:zombified_piglin":1,"minecraft:spider":9,"minecraft:skeleton":5,"minecraft:chicken":11,"minecraft:piglin_brute":5,"minecraft:magma_cube":10,"minecraft:piglin":4,"minecraft:pig":14,"minecraft:zombie_villager":3,"minecraft:iron_golem":1,"minecraft:creeper":1,"minecraft:sheep":9,"minecraft:pillager":1,"minecraft:zombie":34,"minecraft:cow":14,"minecraft:wandering_trader":1,"minecraft:frog":2},"minecraft:dropped":{"minecraft:baked_potato":1,"minecraft:dirt":15,"minecraft:sunflower":1,"minecraft:iron_pickaxe":1,"minecraft:bone":2,"minecraft:gravel":6,"minecraft:pointed_dripstone":124,"minecraft:rotten_flesh":9,"minecraft:leather_chestplate":1,"minecraft:oak_wood":3,"minecraft:leather_leggings":1,"minecraft:arrow":3,"minecraft:glass":64,"minecraft:egg":2,"minecraft:iron_ingot":2,"minecraft:golden_boots":1,"minecraft:bread":14,"minecraft:wheat_seeds":1,"minecraft:dripstone_block":1,"minecraft:poisonous_potato":2,"minecraft:cobblestone":3,"minecraft:lead":2,"minecraft:granite":2,"minecraft:stick":22,"minecraft:lava_bucket":6,"minecraft:diorite":2,"minecraft:iron_shovel":2,"minecraft:bucket":1,"minecraft:moss_carpet":4,"minecraft:stone_shovel":10,"minecraft:glass_pane":48,"minecraft:potato":1,"minecraft:diamond_pickaxe":1,"minecraft:andesite":203,"minecraft:light_gray_bed":1,"minecraft:oak_sapling":2,"minecraft:stone_bricks":1,"minecraft:spider_eye":3,"minecraft:bamboo":429,"minecraft:bow":11,"minecraft:wooden_pickaxe":1,"minecraft:red_tulip":3},"minecraft:crafted":{"minecraft:oak_planks":516,"minecraft:cooked_chicken":6,"minecraft:cherry_boat":1,"minecraft:cooked_mutton":12,"minecraft:bow":12,"minecraft:iron_boots":6,"minecraft:chest":7,"minecraft:stone_bricks":1733,"minecraft:emerald":25,"minecraft:cooked_porkchop":15,"minecraft:crafting_table":22,"minecraft:spruce_planks":44,"minecraft:iron_helmet":8,"minecraft:wooden_pickaxe":3,"minecraft:baked_potato":48,"minecraft:oak_wood":3,"minecraft:birch_planks":28,"minecraft:iron_chestplate":8,"minecraft:diamond_pickaxe":1,"minecraft:shield":7,"minecraft:stick":1560,"minecraft:iron_ingot":137,"minecraft:iron_pickaxe":29,"minecraft:iron_block":748,"minecraft:stone_sword":2,"minecraft:cherry_planks":268,"minecraft:stone_shovel":10,"minecraft:furnace":4,"minecraft:flint_and_steel":1,"minecraft:iron_axe":6,"minecraft:iron_hoe":1,"minecraft:stone_pickaxe":12,"minecraft:wheat":945,"minecraft:cooked_beef":27,"minecraft:iron_sword":8,"minecraft:bucket":35,"minecraft:stone_axe":2,"minecraft:bread":315,"minecraft:air":0,"minecraft:oak_boat":1,"minecraft:iron_shovel":9,"minecraft:iron_leggings":6,"minecraft:white_bed":2,"minecraft:torch":1240}},"DataVersion":3465}