{"stats":{"minecraft:dropped":{"minecraft:baked_potato":10,"minecraft:stone_sword":1},"minecraft:used":{"minecraft:stone_sword":7,"minecraft:baked_potato":9,"minecraft:iron_sword":7,"minecraft:white_wool":1,"minecraft:mutton":9,"minecraft:crafting_table":3,"minecraft:white_bed":4,"minecraft:wooden_axe":23,"minecraft:oak_stairs":2,"minecraft:bread":2,"minecraft:wooden_sword":28,"minecraft:oak_sapling":2,"minecraft:white_banner":1,"minecraft:porkchop":1,"minecraft:oak_boat":5,"minecraft:potato":5},"minecraft:picked_up":{"minecraft:wooden_axe":1,"minecraft:birch_log":2,"minecraft:crafting_table":1,"minecraft:leather":6,"minecraft:oak_stairs":2,"minecraft:potato":5,"minecraft:birch_planks":5,"minecraft:oak_log":5,"minecraft:string":1,"minecraft:white_banner":1,"minecraft:wooden_sword":1,"minecraft:bone":2,"minecraft:wheat_seeds":4,"minecraft:beef":5,"minecraft:oak_boat":6,"minecraft:bamboo":62,"minecraft:porkchop":9,"minecraft:white_bed":2,"minecraft:stone_sword":2,"minecraft:arrow":1,"minecraft:rotten_flesh":2,"minecraft:baked_potato":30,"minecraft:oak_sapling":2,"minecraft:mutton":9,"minecraft:white_wool":10},"minecraft:crafted":{"minecraft:wooden_sword":1,"minecraft:oak_planks":20,"minecraft:crafting_table":2,"minecraft:iron_helmet":1,"minecraft:birch_planks":8,"minecraft:oak_boat":1,"minecraft:iron_chestplate":1,"minecraft:iron_boots":1,"minecraft:stick":4,"minecraft:wooden_axe":1,"minecraft:iron_leggings":1,"minecraft:white_bed":2},"minecraft:custom":{"minecraft:interact_with_furnace":1,"minecraft:mob_kills":16,"minecraft:interact_with_crafting_table":7,"minecraft:leave_game":5,"minecraft:time_since_death":31440,"minecraft:sleep_in_bed":3,"minecraft:climb_one_cm":502,"minecraft:time_since_rest":20613,"minecraft:sprint_one_cm":205232,"minecraft:damage_taken":798,"minecraft:walk_one_cm":119308,"minecraft:drop":11,"minecraft:damage_dealt":1855,"minecraft:swim_one_cm":9311,"minecraft:talked_to_villager":2,"minecraft:fly_one_cm":281148,"minecraft:open_chest":19,"minecraft:crouch_one_cm":1709,"minecraft:play_time":62639,"minecraft:deaths":1,"minecraft:sneak_time":269,"minecraft:walk_under_water_one_cm":2065,"minecraft:boat_one_cm":152620,"minecraft:jump":1232,"minecraft:walk_on_water_one_cm":3710,"minecraft:total_world_time":62639,"minecraft:fall_one_cm":30315},"minecraft:killed_by":{"minecraft:iron_golem":1},"minecraft:mined":{"minecraft:white_bed":2,"minecraft:crafting_table":1,"minecraft:birch_log":2,"minecraft:grass":16,"minecraft:oak_log":5,"minecraft:oak_stairs":2,"minecraft:white_wool":1,"minecraft:oak_leaves":14},"minecraft:killed":{"minecraft:pig":5,"minecraft:spider":1,"minecraft:sheep":6,"minecraft:skeleton":1,"minecraft:zombie":1,"minecraft:cow":2}},"DataVersion":3465}