{"stats":{"minecraft:dropped":{"minecraft:stone_sword":1},"minecraft:used":{"minecraft:wooden_axe":23,"minecraft:stone_sword":7,"minecraft:baked_potato":4,"minecraft:oak_stairs":2,"minecraft:bread":2,"minecraft:white_wool":1,"minecraft:wooden_sword":28,"minecraft:mutton":9,"minecraft:crafting_table":3,"minecraft:oak_sapling":2,"minecraft:porkchop":1,"minecraft:white_bed":3,"minecraft:oak_boat":5},"minecraft:picked_up":{"minecraft:wooden_axe":1,"minecraft:birch_log":2,"minecraft:crafting_table":1,"minecraft:leather":6,"minecraft:oak_stairs":2,"minecraft:birch_planks":5,"minecraft:porkchop":9,"minecraft:oak_log":5,"minecraft:white_bed":1,"minecraft:white_banner":1,"minecraft:wooden_sword":1,"minecraft:stone_sword":2,"minecraft:rotten_flesh":2,"minecraft:wheat_seeds":4,"minecraft:beef":5,"minecraft:oak_boat":6,"minecraft:baked_potato":25,"minecraft:bamboo":62,"minecraft:oak_sapling":2,"minecraft:mutton":9,"minecraft:white_wool":10},"minecraft:crafted":{"minecraft:wooden_sword":1,"minecraft:oak_boat":1,"minecraft:oak_planks":20,"minecraft:iron_boots":1,"minecraft:iron_chestplate":1,"minecraft:crafting_table":2,"minecraft:stick":4,"minecraft:iron_helmet":1,"minecraft:wooden_axe":1,"minecraft:iron_leggings":1,"minecraft:white_bed":2,"minecraft:birch_planks":8},"minecraft:custom":{"minecraft:time_since_rest":11894,"minecraft:interact_with_furnace":1,"minecraft:sprint_one_cm":169645,"minecraft:damage_taken":574,"minecraft:walk_one_cm":103947,"minecraft:mob_kills":14,"minecraft:drop":1,"minecraft:damage_dealt":1455,"minecraft:interact_with_crafting_table":6,"minecraft:swim_one_cm":9311,"minecraft:talked_to_villager":1,"minecraft:fly_one_cm":227889,"minecraft:open_chest":16,"minecraft:crouch_one_cm":1658,"minecraft:play_time":53920,"minecraft:deaths":1,"minecraft:sneak_time":244,"minecraft:walk_under_water_one_cm":2065,"minecraft:boat_one_cm":152620,"minecraft:jump":936,"minecraft:leave_game":4,"minecraft:time_since_death":22721,"minecraft:walk_on_water_one_cm":3710,"minecraft:sleep_in_bed":3,"minecraft:climb_one_cm":502,"minecraft:total_world_time":53920,"minecraft:fall_one_cm":24358},"minecraft:mined":{"minecraft:white_bed":1,"minecraft:birch_log":2,"minecraft:crafting_table":1,"minecraft:grass":16,"minecraft:oak_log":5,"minecraft:oak_stairs":2,"minecraft:white_wool":1,"minecraft:oak_leaves":14},"minecraft:killed_by":{"minecraft:iron_golem":1},"minecraft:killed":{"minecraft:sheep":6,"minecraft:zombie":1,"minecraft:pig":5,"minecraft:cow":2}},"DataVersion":3465}