{"stats":{"minecraft:used":{"minecraft:wooden_axe":23,"minecraft:oak_stairs":2,"minecraft:bread":2,"minecraft:baked_potato":1,"minecraft:white_wool":1,"minecraft:wooden_sword":28,"minecraft:mutton":9,"minecraft:crafting_table":3,"minecraft:oak_sapling":2,"minecraft:porkchop":1,"minecraft:white_bed":1,"minecraft:oak_boat":5},"minecraft:killed":{"minecraft:sheep":6,"minecraft:pig":5,"minecraft:cow":2},"minecraft:custom":{"minecraft:time_since_rest":1773,"minecraft:interact_with_furnace":1,"minecraft:sprint_one_cm":124384,"minecraft:damage_taken":418,"minecraft:walk_one_cm":74694,"minecraft:mob_kills":13,"minecraft:drop":1,"minecraft:damage_dealt":1255,"minecraft:talked_to_villager":1,"minecraft:swim_one_cm":9311,"minecraft:interact_with_crafting_table":3,"minecraft:fly_one_cm":150452,"minecraft:open_chest":9,"minecraft:crouch_one_cm":1185,"minecraft:play_time":32929,"minecraft:deaths":1,"minecraft:sneak_time":175,"minecraft:walk_under_water_one_cm":2065,"minecraft:boat_one_cm":138747,"minecraft:jump":639,"minecraft:leave_game":4,"minecraft:walk_on_water_one_cm":3710,"minecraft:time_since_death":1730,"minecraft:sleep_in_bed":2,"minecraft:total_world_time":32929,"minecraft:fall_one_cm":18511},"minecraft:mined":{"minecraft:birch_log":2,"minecraft:crafting_table":1,"minecraft:grass":14,"minecraft:oak_log":5,"minecraft:oak_stairs":2,"minecraft:white_wool":1,"minecraft:oak_leaves":14},"minecraft:dropped":{"minecraft:stone_sword":1},"minecraft:killed_by":{"minecraft:iron_golem":1},"minecraft:picked_up":{"minecraft:wooden_axe":1,"minecraft:birch_log":2,"minecraft:crafting_table":1,"minecraft:leather":6,"minecraft:birch_planks":5,"minecraft:oak_stairs":2,"minecraft:porkchop":9,"minecraft:oak_log":5,"minecraft:white_banner":1,"minecraft:wooden_sword":1,"minecraft:stone_sword":2,"minecraft:wheat_seeds":4,"minecraft:beef":5,"minecraft:oak_boat":6,"minecraft:baked_potato":25,"minecraft:oak_sapling":2,"minecraft:mutton":9,"minecraft:white_wool":10},"minecraft:crafted":{"minecraft:wooden_sword":1,"minecraft:oak_boat":1,"minecraft:oak_planks":20,"minecraft:crafting_table":2,"minecraft:stick":4,"minecraft:wooden_axe":1,"minecraft:white_bed":1,"minecraft:birch_planks":8}},"DataVersion":3465}