{"stats":{"minecraft:picked_up":{"minecraft:birch_log":6,"minecraft:crafting_table":5,"minecraft:feather":1,"minecraft:chicken":1,"minecraft:brown_wool":1,"minecraft:oak_log":5,"minecraft:dirt":4,"minecraft:wheat_seeds":2,"minecraft:light_gray_wool":2,"minecraft:sugar_cane":18,"minecraft:egg":2,"minecraft:furnace":2,"minecraft:porkchop":37,"minecraft:grass_block":1,"minecraft:light_gray_bed":3,"minecraft:rotten_flesh":2,"minecraft:gray_wool":1,"minecraft:mutton":12,"minecraft:coal":55,"minecraft:oxeye_daisy":1,"minecraft:white_wool":5,"minecraft:cobblestone":30,"minecraft:ender_pearl":1},"minecraft:dropped":{"minecraft:wheat_seeds":1},"minecraft:custom":{"minecraft:interact_with_furnace":6,"minecraft:mob_kills":31,"minecraft:interact_with_crafting_table":7,"minecraft:leave_game":5,"minecraft:time_since_death":46683,"minecraft:sleep_in_bed":3,"minecraft:time_since_rest":2843,"minecraft:sprint_one_cm":206691,"minecraft:damage_taken":490,"minecraft:walk_one_cm":127507,"minecraft:drop":1,"minecraft:damage_dealt":3366,"minecraft:swim_one_cm":14562,"minecraft:fly_one_cm":248724,"minecraft:crouch_one_cm":226,"minecraft:play_time":66465,"minecraft:deaths":1,"minecraft:sneak_time":86,"minecraft:walk_under_water_one_cm":2375,"minecraft:jump":1216,"minecraft:walk_on_water_one_cm":4572,"minecraft:total_world_time":66465,"minecraft:fall_one_cm":31792},"minecraft:killed":{"minecraft:pig":19,"minecraft:sheep":9,"minecraft:zombie":1,"minecraft:chicken":1,"minecraft:enderman":1},"minecraft:used":{"minecraft:cooked_mutton":3,"minecraft:stone_sword":57,"minecraft:stone_pickaxe":26,"minecraft:wooden_pickaxe":68,"minecraft:cooked_chicken":1,"minecraft:rotten_flesh":2,"minecraft:dirt":1,"minecraft:crafting_table":5,"minecraft:stone_axe":3,"minecraft:furnace":2,"minecraft:cooked_porkchop":4,"minecraft:egg":2,"minecraft:light_gray_bed":3},"minecraft:broken":{"minecraft:wooden_pickaxe":1},"minecraft:mined":{"minecraft:crafting_table":5,"minecraft:grass_block":4,"minecraft:light_gray_bed":3,"minecraft:tall_grass":4,"minecraft:sugar_cane":7,"minecraft:oxeye_daisy":1,"minecraft:furnace":2,"minecraft:birch_log":6,"minecraft:birch_leaves":1,"minecraft:grass":4,"minecraft:oak_log":5,"minecraft:coal_ore":55,"minecraft:dirt":1,"minecraft:stone":30,"minecraft:oak_leaves":2},"minecraft:killed_by":{"minecraft:spider":1},"minecraft:crafted":{"minecraft:oak_planks":16,"minecraft:cooked_porkchop":7,"minecraft:crafting_table":2,"minecraft:wooden_pickaxe":2,"minecraft:cooked_chicken":1,"minecraft:furnace":1,"minecraft:light_gray_wool":1,"minecraft:birch_planks":12,"minecraft:stone_axe":2,"minecraft:cooked_mutton":12,"minecraft:air":0,"minecraft:light_gray_bed":1,"minecraft:stick":16,"minecraft:stone_pickaxe":2,"minecraft:stone_sword":2,"minecraft:light_gray_dye":1,"minecraft:torch":4}},"DataVersion":3465}