{"stats":{"minecraft:dropped":{"minecraft:wheat_seeds":12,"minecraft:cooked_porkchop":1,"minecraft:feather":10},"minecraft:broken":{"minecraft:wooden_pickaxe":1},"minecraft:used":{"minecraft:wooden_axe":52,"minecraft:wooden_pickaxe":84,"minecraft:cooked_chicken":2,"minecraft:stone_axe":10,"minecraft:dirt":2,"minecraft:crafting_table":4,"minecraft:furnace":1,"minecraft:cooked_porkchop":2,"minecraft:white_bed":2,"minecraft:egg":4},"minecraft:picked_up":{"minecraft:crafting_table":3,"minecraft:feather":10,"minecraft:chicken":5,"minecraft:cooked_porkchop":1,"minecraft:porkchop":7,"minecraft:oak_log":21,"minecraft:white_bed":2,"minecraft:dirt":2,"minecraft:wheat_seeds":13,"minecraft:furnace":1,"minecraft:mutton":8,"minecraft:coal":2,"minecraft:white_wool":6,"minecraft:cobblestone":81,"minecraft:egg":4},"minecraft:crafted":{"minecraft:oak_planks":84,"minecraft:cooked_porkchop":7,"minecraft:crafting_table":3,"minecraft:stick":12,"minecraft:cooked_chicken":5,"minecraft:wooden_pickaxe":2,"minecraft:stone_pickaxe":1,"minecraft:wooden_axe":1,"minecraft:stone_sword":1,"minecraft:furnace":1,"minecraft:white_bed":1,"minecraft:stone_axe":1,"minecraft:air":0},"minecraft:custom":{"minecraft:time_since_rest":24136,"minecraft:interact_with_furnace":13,"minecraft:sprint_one_cm":116157,"minecraft:damage_taken":440,"minecraft:walk_one_cm":116423,"minecraft:mob_kills":14,"minecraft:drop":10,"minecraft:damage_dealt":996,"minecraft:swim_one_cm":9461,"minecraft:interact_with_crafting_table":6,"minecraft:fly_one_cm":88276,"minecraft:crouch_one_cm":35,"minecraft:play_time":32708,"minecraft:deaths":1,"minecraft:sneak_time":37,"minecraft:walk_under_water_one_cm":2194,"minecraft:jump":676,"minecraft:leave_game":1,"minecraft:time_since_death":24100,"minecraft:walk_on_water_one_cm":13318,"minecraft:sleep_in_bed":2,"minecraft:total_world_time":32708,"minecraft:climb_one_cm":1134,"minecraft:fall_one_cm":12921},"minecraft:killed_by":{"minecraft:skeleton":1},"minecraft:mined":{"minecraft:white_bed":2,"minecraft:furnace":1,"minecraft:birch_leaves":2,"minecraft:crafting_table":3,"minecraft:grass":29,"minecraft:grass_block":1,"minecraft:oak_log":21,"minecraft:coal_ore":2,"minecraft:dirt":1,"minecraft:tall_grass":3,"minecraft:stone":81,"minecraft:oak_leaves":3,"minecraft:fern":1},"minecraft:killed":{"minecraft:sheep":6,"minecraft:pig":3,"minecraft:chicken":5}},"DataVersion":3465}