{"stats":{"minecraft:broken":{"minecraft:wooden_pickaxe":1},"minecraft:used":{"minecraft:wooden_pickaxe":59,"minecraft:stone_axe":10,"minecraft:dirt":2,"minecraft:crafting_table":2,"minecraft:white_bed":2},"minecraft:picked_up":{"minecraft:crafting_table":2,"minecraft:oak_log":16,"minecraft:white_bed":2,"minecraft:dirt":2,"minecraft:wheat_seeds":1,"minecraft:mutton":5,"minecraft:white_wool":4,"minecraft:cobblestone":59},"minecraft:crafted":{"minecraft:oak_planks":64,"minecraft:crafting_table":1,"minecraft:stick":8,"minecraft:wooden_pickaxe":1,"minecraft:stone_pickaxe":1,"minecraft:stone_sword":1,"minecraft:white_bed":1,"minecraft:stone_axe":1},"minecraft:custom":{"minecraft:time_since_rest":2031,"minecraft:sprint_one_cm":29150,"minecraft:damage_taken":280,"minecraft:walk_one_cm":19695,"minecraft:mob_kills":4,"minecraft:damage_dealt":320,"minecraft:swim_one_cm":537,"minecraft:interact_with_crafting_table":3,"minecraft:fly_one_cm":27670,"minecraft:crouch_one_cm":35,"minecraft:play_time":10603,"minecraft:deaths":1,"minecraft:sneak_time":18,"minecraft:walk_under_water_one_cm":887,"minecraft:jump":173,"minecraft:walk_on_water_one_cm":720,"minecraft:time_since_death":1995,"minecraft:sleep_in_bed":2,"minecraft:climb_one_cm":1110,"minecraft:total_world_time":10603,"minecraft:fall_one_cm":4522},"minecraft:killed_by":{"minecraft:skeleton":1},"minecraft:mined":{"minecraft:white_bed":2,"minecraft:birch_leaves":1,"minecraft:crafting_table":2,"minecraft:grass":1,"minecraft:grass_block":1,"minecraft:oak_log":16,"minecraft:dirt":1,"minecraft:stone":59,"minecraft:oak_leaves":2,"minecraft:fern":1},"minecraft:killed":{"minecraft:sheep":4}},"DataVersion":3465}