{"stats":{"minecraft:dropped":{"minecraft:wheat_seeds":12,"minecraft:cooked_porkchop":1,"minecraft:feather":10},"minecraft:broken":{"minecraft:wooden_axe":1,"minecraft:wooden_pickaxe":1},"minecraft:used":{"minecraft:wooden_axe":60,"minecraft:wooden_pickaxe":89,"minecraft:cooked_chicken":2,"minecraft:stone_axe":10,"minecraft:dirt":2,"minecraft:crafting_table":6,"minecraft:furnace":1,"minecraft:cooked_porkchop":5,"minecraft:white_bed":3,"minecraft:egg":4},"minecraft:picked_up":{"minecraft:crafting_table":4,"minecraft:feather":10,"minecraft:chicken":5,"minecraft:cooked_porkchop":1,"minecraft:lead":1,"minecraft:porkchop":7,"minecraft:oak_log":21,"minecraft:white_bed":2,"minecraft:string":2,"minecraft:dirt":2,"minecraft:wheat_seeds":13,"minecraft:baked_potato":5,"minecraft:furnace":1,"minecraft:mutton":13,"minecraft:coal":2,"minecraft:white_wool":10,"minecraft:cobblestone":81,"minecraft:egg":4},"minecraft:crafted":{"minecraft:oak_planks":84,"minecraft:iron_chestplate":1,"minecraft:iron_boots":2,"minecraft:cooked_porkchop":7,"minecraft:crafting_table":3,"minecraft:stick":12,"minecraft:iron_helmet":1,"minecraft:cooked_chicken":5,"minecraft:wooden_pickaxe":2,"minecraft:stone_pickaxe":1,"minecraft:wooden_axe":1,"minecraft:stone_sword":1,"minecraft:iron_leggings":1,"minecraft:furnace":1,"minecraft:white_bed":2,"minecraft:stone_axe":1,"minecraft:air":0},"minecraft:custom":{"minecraft:time_since_rest":3552,"minecraft:interact_with_furnace":13,"minecraft:sprint_one_cm":147835,"minecraft:damage_taken":790,"minecraft:walk_one_cm":132234,"minecraft:mob_kills":19,"minecraft:drop":10,"minecraft:damage_dealt":1357,"minecraft:open_chest":1,"minecraft:swim_one_cm":24464,"minecraft:interact_with_crafting_table":12,"minecraft:fly_one_cm":155969,"minecraft:crouch_one_cm":35,"minecraft:play_time":41298,"minecraft:deaths":1,"minecraft:sneak_time":68,"minecraft:walk_under_water_one_cm":4294,"minecraft:jump":984,"minecraft:leave_game":2,"minecraft:time_since_death":32690,"minecraft:walk_on_water_one_cm":19340,"minecraft:sleep_in_bed":3,"minecraft:total_world_time":41298,"minecraft:climb_one_cm":1134,"minecraft:fall_one_cm":22055},"minecraft:killed_by":{"minecraft:skeleton":1},"minecraft:mined":{"minecraft:white_bed":2,"minecraft:furnace":1,"minecraft:birch_leaves":2,"minecraft:crafting_table":4,"minecraft:grass":29,"minecraft:grass_block":1,"minecraft:oak_log":21,"minecraft:coal_ore":2,"minecraft:dirt":1,"minecraft:tall_grass":3,"minecraft:stone":81,"minecraft:oak_leaves":3,"minecraft:fern":1},"minecraft:killed":{"minecraft:sheep":10,"minecraft:zombie":1,"minecraft:pig":3,"minecraft:chicken":5}},"DataVersion":3465}