{"stats":{"minecraft:crafted":{"minecraft:black_dye":4,"minecraft:oak_planks":472,"minecraft:oak_sign":9,"minecraft:chain":2,"minecraft:cooked_chicken":4,"minecraft:cooked_mutton":27,"minecraft:iron_bars":64,"minecraft:hopper":19,"minecraft:iron_boots":2,"minecraft:chest":31,"minecraft:gray_bed":1,"minecraft:oak_slab":6,"minecraft:emerald":26,"minecraft:cauldron":7,"minecraft:cooked_porkchop":31,"minecraft:crafting_table":3,"minecraft:spruce_planks":1152,"minecraft:iron_helmet":3,"minecraft:wooden_pickaxe":1,"minecraft:baked_potato":74,"minecraft:spruce_door":9,"minecraft:red_wool":4,"minecraft:fletching_table":1,"minecraft:birch_planks":52,"minecraft:cartography_table":2,"minecraft:light_gray_bed":1,"minecraft:spruce_trapdoor":206,"minecraft:iron_chestplate":3,"minecraft:paper":96,"minecraft:charcoal":1,"minecraft:shield":4,"minecraft:stick":916,"minecraft:iron_ingot":137,"minecraft:iron_pickaxe":89,"minecraft:stone_sword":2,"minecraft:spruce_fence_gate":1,"minecraft:shears":3,"minecraft:cherry_planks":64,"minecraft:stone_shovel":47,"minecraft:fishing_rod":2,"minecraft:iron_nugget":162,"minecraft:furnace":6,"minecraft:bone_meal":207,"minecraft:spruce_fence":60,"minecraft:polished_andesite_slab":32,"minecraft:glass_pane":80,"minecraft:oak_trapdoor":2,"minecraft:scaffolding":120,"minecraft:lantern":19,"minecraft:spruce_stairs":212,"minecraft:iron_axe":5,"minecraft:iron_hoe":3,"minecraft:spruce_slab":78,"minecraft:stone_pickaxe":14,"minecraft:cooked_beef":22,"minecraft:red_dye":9,"minecraft:iron_sword":3,"minecraft:red_bed":1,"minecraft:cooked_salmon":2,"minecraft:bucket":3,"minecraft:stone_axe":2,"minecraft:bread":176,"minecraft:acacia_boat":1,"minecraft:air":0,"minecraft:oak_boat":2,"minecraft:wooden_axe":1,"minecraft:black_stained_glass_pane":32,"minecraft:iron_shovel":24,"minecraft:iron_leggings":2,"minecraft:white_bed":4,"minecraft:acacia_planks":32,"minecraft:torch":120},"minecraft:killed_by":{"minecraft:creeper":4,"minecraft:pillager":1,"minecraft:zombie":2,"minecraft:skeleton":7},"minecraft:dropped":{"minecraft:iron_sword":1,"minecraft:baked_potato":23,"minecraft:crafting_table":1,"minecraft:cooked_porkchop":4,"minecraft:crossbow":1,"minecraft:dirt":5189,"minecraft:grass":1,"minecraft:cornflower":1,"minecraft:fishing_rod":1,"minecraft:gravel":6,"minecraft:stone_axe":1,"minecraft:sugar_cane":4,"minecraft:polished_andesite_slab":1,"minecraft:iron_nugget":6,"minecraft:wheat":1,"minecraft:rotten_flesh":11,"minecraft:cooked_mutton":5,"minecraft:azure_bluet":2,"minecraft:carrot":321,"minecraft:poppy":2132,"minecraft:leather_chestplate":2,"minecraft:gunpowder":5,"minecraft:beetroot_seeds":5,"minecraft:stone_brick_wall":1,"minecraft:leather_leggings":1,"minecraft:scaffolding":58,"minecraft:stone_brick_stairs":1,"minecraft:egg":2,"minecraft:golden_boots":1,"minecraft:wheat_seeds":66,"minecraft:poisonous_potato":5,"minecraft:cobblestone":1221,"minecraft:apple":1,"minecraft:spruce_door":1,"minecraft:coal":1,"minecraft:stick":1,"minecraft:polished_andesite":2,"minecraft:pufferfish":3,"minecraft:deepslate_brick_stairs":1,"minecraft:diorite":3,"minecraft:torch":1,"minecraft:brown_wool":1,"minecraft:iron_shovel":1,"minecraft:string":8,"minecraft:acacia_planks":1,"minecraft:dandelion":6,"minecraft:stone_brick_slab":3,"minecraft:oak_trapdoor":1,"minecraft:raw_copper":18,"minecraft:stone_shovel":1,"minecraft:potato":62,"minecraft:shield":1,"minecraft:spruce_trapdoor":1,"minecraft:spider_eye":4,"minecraft:bow":6},"minecraft:picked_up":{"minecraft:wooden_axe":1,"minecraft:iron_chestplate":9,"minecraft:wheat":530,"minecraft:stone_brick_stairs":361,"minecraft:brewing_stand":3,"minecraft:string":41,"minecraft:raw_copper":67,"minecraft:iron_leggings":10,"minecraft:pufferfish":7,"minecraft:oak_sign":3,"minecraft:cobbled_deepslate":614,"minecraft:bucket":5,"minecraft:spruce_planks":34,"minecraft:cobblestone_slab":74,"minecraft:iron_pickaxe":24,"minecraft:furnace":4,"minecraft:iron_boots":12,"minecraft:stick":163,"minecraft:composter":7,"minecraft:torch":225,"minecraft:acacia_log":14,"minecraft:spruce_stairs":124,"minecraft:porkchop":71,"minecraft:cherry_log":58,"minecraft:pointed_dripstone":122,"minecraft:diorite":153,"minecraft:dirt_path":1,"minecraft:golden_chestplate":1,"minecraft:stone_sword":3,"minecraft:rotten_flesh":118,"minecraft:light_gray_bed":5,"minecraft:deepslate_brick_stairs":55,"minecraft:iron_bars":69,"minecraft:cod":15,"minecraft:cobblestone":4049,"minecraft:birch_log":13,"minecraft:leather_chestplate":4,"minecraft:feather":4,"minecraft:cooked_beef":10,"minecraft:cherry_leaves":362,"minecraft:water_bucket":10,"minecraft:andesite":706,"minecraft:brown_wool":1,"minecraft:potato":1047,"minecraft:flint":6,"minecraft:lapis_lazuli":84,"minecraft:dirt":11789,"minecraft:lantern":4,"minecraft:glass":4,"minecraft:bone":82,"minecraft:acacia_planks":5,"minecraft:stonecutter":2,"minecraft:bow":24,"minecraft:wheat_seeds":1638,"minecraft:bell":3,"minecraft:fletching_table":7,"minecraft:bamboo":482,"minecraft:oak_planks":129,"minecraft:cooked_porkchop":24,"minecraft:poisonous_potato":5,"minecraft:sand":147,"minecraft:stripped_spruce_log":2,"minecraft:ink_sac":4,"minecraft:iron_hoe":4,"minecraft:polished_andesite":143,"minecraft:lever":14,"minecraft:crossbow":1,"minecraft:grass":1,"minecraft:bone_meal":48,"minecraft:emerald":25,"minecraft:bread":186,"minecraft:oak_sapling":18,"minecraft:fishing_rod":11,"minecraft:spruce_leaves":100,"minecraft:crafting_table":6,"minecraft:azure_bluet":2,"minecraft:chicken":4,"minecraft:leather_leggings":4,"minecraft:wooden_pickaxe":1,"minecraft:stone_brick_wall":214,"minecraft:shield":13,"minecraft:cornflower":1,"minecraft:oak_trapdoor":3,"minecraft:red_bed":1,"minecraft:iron_axe":13,"minecraft:iron_shovel":7,"minecraft:glass_pane":48,"minecraft:beef":37,"minecraft:oak_boat":10,"minecraft:iron_nugget":1,"minecraft:poppy":54,"minecraft:light_gray_wool":3,"minecraft:spruce_slab":58,"minecraft:lectern":1,"minecraft:sugar_cane":299,"minecraft:spruce_trapdoor":76,"minecraft:egg":4,"minecraft:raw_iron":15,"minecraft:spruce_fence":8,"minecraft:carrot":68,"minecraft:redstone":1,"minecraft:arrow":293,"minecraft:stone_shovel":5,"minecraft:shears":2,"minecraft:deepslate_bricks":76,"minecraft:hay_block":68,"minecraft:mutton":40,"minecraft:white_wool":55,"minecraft:salmon":7,"minecraft:leather":34,"minecraft:birch_planks":23,"minecraft:oak_log":154,"minecraft:chainmail_chestplate":1,"minecraft:golden_boots":4,"minecraft:yellow_bed":13,"minecraft:gunpowder":72,"minecraft:paper":88,"minecraft:white_banner":3,"minecraft:cooked_mutton":6,"minecraft:apple":2,"minecraft:stone_bricks":877,"minecraft:iron_ingot":655,"minecraft:stone_pickaxe":12,"minecraft:polished_andesite_slab":20,"minecraft:iron_sword":15,"minecraft:book":36,"minecraft:scaffolding":317,"minecraft:oak_slab":10,"minecraft:stone_brick_slab":274,"minecraft:dandelion":5,"minecraft:gravel":94,"minecraft:lava_bucket":9,"minecraft:spruce_sapling":84,"minecraft:white_bed":12,"minecraft:spruce_log":288,"minecraft:spruce_door":5,"minecraft:spider_eye":5,"minecraft:polished_diorite_stairs":33,"minecraft:stone_axe":11,"minecraft:iron_helmet":10,"minecraft:cherry_sapling":49,"minecraft:gray_wool":9,"minecraft:baked_potato":288,"minecraft:coal":152,"minecraft:ender_pearl":2},"minecraft:used":{"minecraft:cherry_sapling":1,"minecraft:iron_shovel":6027,"minecraft:spruce_slab":1454,"minecraft:poppy":1,"minecraft:oak_sign":9,"minecraft:shield":149,"minecraft:chest":16,"minecraft:stone":3,"minecraft:iron_sword":727,"minecraft:rotten_flesh":5,"minecraft:spruce_leaves":42,"minecraft:stripped_spruce_log":99,"minecraft:obsidian":7,"minecraft:glass":1246,"minecraft:lava_bucket":10,"minecraft:villager_spawn_egg":6,"minecraft:black_stained_glass_pane":68,"minecraft:grass_block":80,"minecraft:lantern":72,"minecraft:polished_andesite_stairs":14,"minecraft:iron_helmet":2,"minecraft:cherry_leaves":312,"minecraft:hopper_minecart":40,"minecraft:stone_brick_stairs":2698,"minecraft:stone_bricks":24286,"minecraft:repeater":8,"minecraft:redstone_lamp":50,"minecraft:bow":36,"minecraft:scaffolding":166,"minecraft:oak_sapling":13,"minecraft:furnace":9,"minecraft:gray_bed":1,"minecraft:polished_diorite_stairs":43,"minecraft:egg":3,"minecraft:potato":467,"minecraft:diorite":42,"minecraft:spruce_door":12,"minecraft:stone_pickaxe":1938,"minecraft:powered_rail":402,"minecraft:oak_planks":19,"minecraft:wooden_pickaxe":19,"minecraft:redstone_block":1,"minecraft:composter":7,"minecraft:sugar_cane":500,"minecraft:stone_brick_wall":1938,"minecraft:shears":476,"minecraft:deepslate_brick_stairs":1801,"minecraft:lightning_rod":7,"minecraft:redstone_torch":105,"minecraft:sticky_piston":7,"minecraft:lever":45,"minecraft:stone_button":3,"minecraft:bread":66,"minecraft:lectern":1,"minecraft:polished_andesite_slab":496,"minecraft:andesite":3,"minecraft:smithing_table":2,"minecraft:chain":2,"minecraft:oak_boat":17,"minecraft:bone_meal":233,"minecraft:oak_trapdoor":1,"minecraft:iron_bars":76,"minecraft:stone_sword":269,"minecraft:stone_shovel":6131,"minecraft:redstone":8,"minecraft:spruce_planks":71,"minecraft:cooked_salmon":2,"minecraft:cooked_chicken":4,"minecraft:torch":296,"minecraft:dirt":6160,"minecraft:wheat":1,"minecraft:hopper":64,"minecraft:spruce_stairs":737,"minecraft:spruce_fence":60,"minecraft:iron_hoe":482,"minecraft:stone_brick_slab":149,"minecraft:wooden_axe":38,"minecraft:iron_axe":432,"minecraft:slime_block":41,"minecraft:bamboo":468,"minecraft:cooked_beef":30,"minecraft:observer":12,"minecraft:light_gray_bed":5,"minecraft:pointed_dripstone":7,"minecraft:wheat_seeds":1573,"minecraft:cooked_mutton":26,"minecraft:acacia_boat":1,"minecraft:water_bucket":468,"minecraft:dirt_path":4,"minecraft:polished_andesite":1328,"minecraft:baked_potato":356,"minecraft:cartography_table":5,"minecraft:cauldron":7,"minecraft:cobblestone_slab":179,"minecraft:fletching_table":14,"minecraft:stonecutter":2,"minecraft:spruce_fence_gate":4,"minecraft:deepslate_bricks":2993,"minecraft:rail":970,"minecraft:comparator":2,"minecraft:crafting_table":7,"minecraft:oak_slab":2,"minecraft:red_bed":2,"minecraft:white_bed":21,"minecraft:mud":84,"minecraft:apple":1,"minecraft:iron_pickaxe":21997,"minecraft:spruce_trapdoor":333,"minecraft:spruce_sapling":65,"minecraft:stone_axe":280,"minecraft:fishing_rod":20,"minecraft:cobblestone":57,"minecraft:cooked_porkchop":51,"minecraft:bucket":512,"minecraft:glass_pane":11,"minecraft:yellow_bed":11},"minecraft:killed":{"minecraft:witch":2,"minecraft:spider":54,"minecraft:skeleton":51,"minecraft:chicken":4,"minecraft:pig":25,"minecraft:zombie_villager":1,"minecraft:iron_golem":3,"minecraft:creeper":53,"minecraft:sheep":23,"minecraft:pillager":6,"minecraft:zombie":125,"minecraft:cow":15,"minecraft:squid":3,"minecraft:enderman":4},"minecraft:broken":{"minecraft:iron_shovel":23,"minecraft:golden_boots":1,"minecraft:leather_leggings":1,"minecraft:shears":2,"minecraft:iron_leggings":1,"minecraft:stone_pickaxe":15,"minecraft:stone_axe":3,"minecraft:iron_sword":3,"minecraft:stone_shovel":45,"minecraft:golden_chestplate":1,"minecraft:iron_hoe":1,"minecraft:stone_sword":2,"minecraft:shield":3,"minecraft:iron_axe":1,"minecraft:iron_pickaxe":87,"minecraft:iron_helmet":1},"minecraft:mined":{"minecraft:white_bed":13,"minecraft:cherry_log":37,"minecraft:brewing_stand":1,"minecraft:spruce_trapdoor":12,"minecraft:acacia_log":8,"minecraft:grass_block":7203,"minecraft:stone_brick_wall":13,"minecraft:light_gray_bed":5,"minecraft:deepslate_bricks":4,"minecraft:composter":7,"minecraft:tall_seagrass":1,"minecraft:iron_ore":14,"minecraft:fire":1,"minecraft:fletching_table":7,"minecraft:deepslate_lapis_ore":6,"minecraft:azure_bluet":2,"minecraft:dirt_path":7,"minecraft:deepslate_brick_stairs":1,"minecraft:spruce_slab":2,"minecraft:red_bed":1,"minecraft:torch":8,"minecraft:glass":12,"minecraft:cobblestone":177,"minecraft:sugar_cane":136,"minecraft:oak_planks":1,"minecraft:wall_torch":6,"minecraft:birch_log":13,"minecraft:wheat":534,"minecraft:stone_brick_stairs":72,"minecraft:grass":261,"minecraft:oak_log":100,"minecraft:sand":147,"minecraft:dirt":5041,"minecraft:stonecutter":2,"minecraft:oak_leaves":114,"minecraft:deepslate":620,"minecraft:spruce_leaves":251,"minecraft:hay_block":16,"minecraft:spruce_sapling":1,"minecraft:furnace":3,"minecraft:carrots":1,"minecraft:andesite":513,"minecraft:bell":1,"minecraft:bookshelf":4,"minecraft:potatoes":287,"minecraft:cobblestone_slab":2,"minecraft:lantern":1,"minecraft:stone":21875,"minecraft:acacia_leaves":2,"minecraft:scaffolding":28,"minecraft:stone_brick_slab":4,"minecraft:dandelion":6,"minecraft:crafting_table":5,"minecraft:cornflower":1,"minecraft:lectern":1,"minecraft:tall_grass":37,"minecraft:copper_ore":19,"minecraft:lapis_ore":7,"minecraft:diorite":134,"minecraft:spruce_stairs":9,"minecraft:spruce_log":294,"minecraft:yellow_bed":12,"minecraft:coal_ore":73,"minecraft:cherry_leaves":410,"minecraft:gravel":89,"minecraft:polished_andesite":25,"minecraft:stone_bricks":359,"minecraft:fern":2},"minecraft:custom":{"minecraft:interact_with_crafting_table":232,"minecraft:leave_game":57,"minecraft:time_since_death":36402,"minecraft:sprint_one_cm":6665232,"minecraft:damage_blocked_by_shield":8130,"minecraft:drop":523,"minecraft:talked_to_villager":94,"minecraft:play_time":3658157,"minecraft:deaths":22,"minecraft:jump":34026,"minecraft:walk_on_water_one_cm":135614,"minecraft:interact_with_furnace":378,"minecraft:traded_with_villager":29,"minecraft:sleep_in_bed":196,"minecraft:damage_dealt":63110,"minecraft:crouch_one_cm":1134854,"minecraft:use_cauldron":162,"minecraft:mob_kills":389,"minecraft:inspect_hopper":147,"minecraft:climb_one_cm":99358,"minecraft:walk_one_cm":7766822,"minecraft:sneak_time":318558,"minecraft:walk_under_water_one_cm":185520,"minecraft:boat_one_cm":135489,"minecraft:total_world_time":3658157,"minecraft:interact_with_stonecutter":85,"minecraft:time_since_rest":36440,"minecraft:damage_taken":22600,"minecraft:swim_one_cm":172364,"minecraft:fly_one_cm":15768145,"minecraft:open_chest":1024,"minecraft:fish_caught":18,"minecraft:fall_one_cm":457119}},"DataVersion":3465}